{
  "Mansfield": [42.033457, -71.219058],
  "Hartford": [41.76371, -72.685097],
  "Camden": [39.925945, -75.119621],
  "Bristow": [38.723303, -77.5367043],
  "Charlotte": [35.227085, -80.843124],
  "West Palm Beach": [26.709723, -80.064163],
  "Tampa": [27.964157, -82.452606],
  "Atlanta": [33.753746, -84.38633],
  "Dallas": [32.779167, -96.808891],
  "Houston": [29.749907, -95.358421],
  "Albuquerque": [35.106766, -106.629181],
  "Phoenix": [33.448376, -112.074036],
  "San Diego": [32.715736, -117.161087],
  "Wheatland": [39.0098945, -121.423013],
  "Mountain View": [37.386051, -122.083855],
  "San Bernardino": [34.115784, -117.302399],
  "Santiago": [-33.447487, -70.673676],
  "Curitiba": [-25.441105, -49.276855],
  "ISão Paulo": [-23.533773, -46.62529],
  "Mexico City": [19.432608, -99.133209],
  "Bangkok": [13.736717, 100.523186],
  "Singapore": [1.29027, 103.851959],
  "Manila": [14.599512, 120.984222],
  "Taipei": [25.105497, 121.597366],
  "Seoul": [37.5326, 127.024612],
  "Hong Kong": [22.302711, 114.177216],
  "Tokyo": [35.652832, 139.839478],
  "Auckland": [-36.848461, 174.763336],
  "Brisbane": [-27.470125, 153.021072],
  "Canberra": [-35.282001, 149.128998],
  "Mitchell": [-14.814758, 125.840974],
  "Gold Coast": [-28.016666, 153.399994],
  "Carrara": [-28.02111, 153.36889],
  "Sydney": [-33.865143, 151.2099],
  "Melbourne": [-37.840935, 144.946457],
  "Ballarat": [-37.549999, 143.850006],
  "Newington": [-33.8341736, 151.0566995],
  "Perth": [-31.953512, 115.857048],
  "Claremont": [-31.98, 115.781998],
  "Nagoya": [35.183334, 136.899994],
  "Osaka": [34.672314, 135.484802],
  "Jakarta": [-6.2, 106.816666]
}
